date,daily_excess_return,cumulative_excess_return
2022-01-04,0.0006712675094604492,0.0006712675094604492
2022-01-05,0.01326117436972648,0.013932441879186928
2022-01-06,-0.002142312779056086,0.011790129100130843
2022-01-07,0.004606017741398124,0.016396146841528965
2022-01-10,0.007774475706992291,0.024170622548521255
2022-01-11,0.0029672808115680203,0.027137903360089276
2022-01-12,-0.002104000072573608,0.025033903287515667
2022-01-13,0.007156620428280663,0.03219052371579633
2022-01-14,-0.01054334885469775,0.02164717486109858
2022-01-17,0.0020726249552194195,0.023719799816318
2022-01-18,-0.00024149949287964758,0.023478300323438353
2022-01-19,0.005682067612321745,0.029160367935760097
2022-01-20,0.003318122628828056,0.03247849056458815
2022-01-21,0.0036082684124888764,0.03608675897707703
2022-01-24,-0.0050699655972121765,0.03101679337986485
2022-01-25,0.00021442060878940425,0.031231213988654253
2022-01-26,-0.0021707233883686496,0.029060490600285604
2022-01-27,0.0013664379383693957,0.030426928538654998
2022-01-28,0.005948504340256143,0.03637543287891114
2022-02-07,0.008796525932053064,0.045171958810964204
2022-02-08,0.008228642407169202,0.053400601218133406
2022-02-09,-0.007682570382414779,0.045718030835718626
2022-02-10,0.005445667757484963,0.05116369859320359
2022-02-11,0.005748924350444617,0.05691262294364821
2022-02-14,0.0017666591070095098,0.05867928205065772
2022-02-15,-0.007982474317618346,0.050696807733039376
2022-02-16,0.003177924689857764,0.05387473242289714
2022-02-17,-0.005374481971400413,0.04850025045149673
2022-02-18,-0.002229322952838239,0.04627092749865849
2022-02-21,0.00484909642409801,0.051120023922756504
2022-02-22,-0.0014218962389472994,0.049698127683809205
2022-02-23,-0.006295648241933499,0.0434024794418757
2022-02-24,-0.004878699504998664,0.03852377993687704
2022-02-25,-0.0031481956985778413,0.0353755842382992
2022-02-28,-0.008246201094167389,0.02712938314413181
2022-03-01,0.0033791417619088854,0.030508524906040696
2022-03-02,0.00517143281314264,0.035679957719183336
2022-03-03,0.009414700494687796,0.04509465821387113
2022-03-04,0.0016466067867071835,0.04674126500057831
2022-03-07,0.004551018007194012,0.051292283007772325
2022-03-08,0.00038086684327537,0.05167314985104769
2022-03-09,-0.01017383053265834,0.04149931931838935
2022-03-10,-0.005041552394947642,0.03645776692344171
2022-03-11,0.00224984378903635,0.03870761071247806
2022-03-14,0.005193404322666233,0.04390101503514429
2022-03-15,-0.002124189683342157,0.04177682535180213
2022-03-16,-0.0019539453653518225,0.03982287998645031
2022-03-17,-0.00692813355176981,0.0328947464346805
2022-03-18,0.004773606714507111,0.037668353149187615
2022-03-21,-0.0030250777774108897,0.03464327537177673
2022-03-22,0.005883129840870392,0.040526405212647124
2022-03-23,-0.0035527587460796287,0.03697364646656749
2022-03-24,-0.004014939275352529,0.032958707191214964
2022-03-25,0.00980786951478116,0.04276657670599612
2022-03-28,0.003765270657542415,0.04653184736353854
2022-03-29,-0.005666152954819413,0.04086569440871913
2022-03-30,-0.004624251943806718,0.03624144246491241
2022-03-31,0.005176490577957542,0.041417933042869955
2022-04-01,0.0027437652283719993,0.04416169827124195
2022-04-06,0.011384175911296764,0.055545874182538715
2022-04-07,-0.0012029206563380797,0.05434295352620064
2022-04-08,-0.002680240356999051,0.05166271316920159
2022-04-11,0.003164982716308473,0.054827695885510064
2022-04-12,0.008279917701482392,0.06310761358699246
2022-04-13,0.0012390966833871365,0.0643467102703796
2022-04-14,-0.005146721850278912,0.059199988420100685
2022-04-15,0.002120047866687827,0.06132003628678851
2022-04-18,0.002076570240541445,0.06339660652732995
2022-04-19,-0.00038414989415843314,0.06301245663317152
2022-04-20,0.008158941600026354,0.07117139823319787
2022-04-21,-0.0015012070788803437,0.06967019115431754
2022-04-22,-0.0026078839815573173,0.06706230717276022
2022-04-25,-0.0030615371330943455,0.06400077003966588
2022-04-26,-0.004502572536016126,0.059498197503649757
2022-04-27,0.002732199391573135,0.06223039689522289
2022-04-28,-0.008991362435307525,0.05323903445991536
2022-04-29,0.000853193894526535,0.0540922283544419
2022-05-05,-0.006865648135664241,0.04722658021877766
2022-05-06,0.002545205423244199,0.04977178564202186
2022-05-09,0.00657398814729103,0.05634577378931289
2022-05-10,0.0006979471332940226,0.057043720922606914
2022-05-11,-0.0014458943620894865,0.05559782656051743
2022-05-12,0.005606555953776489,0.061204382514293915
2022-05-13,0.0007021763892467374,0.06190655890354065
2022-05-16,-8.666641026431899e-05,0.06181989249327633
2022-05-17,-0.0033851933002232385,0.058434699193053094
2022-05-18,0.0038329096222044384,0.06226760881525753
2022-05-19,-0.0019282199817926009,0.06033938883346493
2022-05-20,0.00019315465397101754,0.06053254348743595
2022-05-23,0.0007580063497583757,0.06129054983719432
2022-05-24,0.0014239973906909234,0.06271454722788525
2022-05-25,0.003581376841435691,0.06629592406932094
2022-05-26,0.006043869630197831,0.07233979369951878
2022-05-27,1.9993944409682425e-05,0.07235978764392846
2022-05-30,0.001728652539195991,0.07408844018312445
2022-05-31,-0.003291229085797903,0.07079721109732655
2022-06-01,0.003263262164640588,0.07406047326196713
2022-06-02,-0.00488125910366841,0.06917921415829872
2022-06-06,-0.00846459031421817,0.06071462384408055
2022-06-07,-0.0008326139258524026,0.059882009918228146
2022-06-08,-0.00014202659281832499,0.05973998332540982
2022-06-09,0.008808164352021048,0.06854814767743087
2022-06-10,-0.0012977683716976069,0.06725037930573326
2022-06-13,-0.008612290367223023,0.05863808893851023
2022-06-14,0.0023815737807531797,0.061019662719263415
2022-06-15,0.012636430168450098,0.07365609288771352
2022-06-16,-0.0015497852846914463,0.07210630760302207
2022-06-17,-0.007046180423598974,0.0650601271794231
2022-06-20,0.00538772027072916,0.07044784745015226
2022-06-21,0.007375567614247562,0.07782341506439983
2022-06-22,-0.0011878546606294497,0.07663556040377037
2022-06-23,-0.004969214440690292,0.07166634596308008
2022-06-24,-0.004909439050584031,0.06675690691249606
2022-06-27,-0.002961958418886172,0.06379494849360988
2022-06-28,0.0005235364240261934,0.06431848491763607
2022-06-29,0.009901234995971007,0.07421971991360708
2022-06-30,-0.009204228321722711,0.06501549159188437
2022-07-01,0.003940750192837661,0.06895624178472202
2022-07-04,-0.006944495873320373,0.062011745911401656
2022-07-05,0.003294753891874356,0.065306499803276
2022-07-06,0.0001365455726599678,0.06544304537593597
2022-07-07,-0.0056120227658680005,0.059831022610067966
2022-07-08,0.010166537815732003,0.06999756042579997
2022-07-11,0.003763486007083959,0.07376104643288392
2022-07-12,0.0064201996983322554,0.08018124613121617
2022-07-13,-3.8851510620086806e-07,0.08018085761610998
2022-07-14,-0.005206973300023737,0.07497388431608625
2022-07-15,-0.0017762809060266104,0.07319760341005964
2022-07-18,0.006376783394598353,0.07957438680465799
2022-07-19,0.011480465779821376,0.09105485258447937
2022-07-20,0.004877783629959105,0.09593263621443848
2022-07-21,0.0049927608309303815,0.10092539704536886
2022-07-22,0.004394808425196351,0.10532020547056521
2022-07-25,0.003971998738218369,0.10929220420878358
2022-07-26,-0.002097975200017177,0.1071942290087664
2022-07-27,-0.004010398281958805,0.1031838307268076
2022-07-28,0.002802880815768624,0.10598671154257623
2022-07-29,-0.0008667552913625645,0.10511995625121366
2022-08-01,-0.008214868555595554,0.0969050876956181
2022-08-02,-0.003683482641093637,0.09322160505452447
2022-08-03,6.318891224284262e-06,0.09322792394574875
2022-08-04,0.0017761437687055781,0.09500406771445433
2022-08-05,0.002171268948285683,0.09717533666274
2022-08-08,-0.005740734551942664,0.09143460211079733
2022-08-09,-0.004520790168349325,0.086913811942448
2022-08-10,0.0003525518755945224,0.08726636381804252
2022-08-11,0.006688592283184956,0.09395495610122748
2022-08-12,0.009336915378510986,0.10329187147973846
2022-08-15,-0.006421545273177748,0.09687032620656072
2022-08-16,-0.004547153772806121,0.0923231724337546
2022-08-17,0.0012022638159395822,0.09352543624969419
2022-08-18,-0.006089585188507992,0.08743585106118619
2022-08-19,0.010535871911836811,0.097971722973023
2022-08-22,-0.0053314865989419835,0.09264023637408102
2022-08-23,-0.00098689497731232,0.0916533413967687
2022-08-24,0.011334890950853707,0.1029882323476224
2022-08-25,0.003308849956317948,0.10629708230394035
2022-08-26,0.0010666102913127458,0.1073636925952531
2022-08-29,0.0030600615929043565,0.11042375418815745
2022-08-30,0.006041120145727496,0.11646487433388494
2022-08-31,0.009811045132556302,0.12627591946644123
2022-09-01,0.0018121867200055612,0.12808810618644678
2022-09-02,4.801126848947662e-05,0.12813611745493625
2022-09-05,-0.004642367163914491,0.12349375029102176
2022-09-06,-0.007726931180843453,0.1157668191101783
2022-09-07,-0.0020229874580845447,0.11374383165209376
2022-09-08,0.004373536512629995,0.11811736816472375
2022-09-09,0.0005414552100777921,0.11865882337480155
2022-09-13,0.000766867729302524,0.11942569110410407
2022-09-14,-0.00028625815254415565,0.11913943295155992
2022-09-15,0.012937311630803815,0.13207674458236374
2022-09-16,-0.0048038090020007035,0.12727293558036304
2022-09-19,-0.005331715913804633,0.12194121966655841
2022-09-20,-0.002684958504661223,0.11925626116189719
2022-09-21,0.005137266536275468,0.12439352769817266
2022-09-22,-0.005452155726732098,0.11894137197144056
2022-09-23,0.004119277439143262,0.12306064941058383
2022-09-26,-0.010041480939697221,0.11301916847088661
2022-09-27,0.004479530612378955,0.11749869908326556
2022-09-28,0.009043552314686,0.12654225139795156
2022-09-29,-0.007956822819375953,0.1185854285785756
2022-09-30,0.009019009398942386,0.12760443797751797
2022-10-10,0.0018661811597270555,0.12947061913724503
2022-10-11,0.0003681013455528483,0.12983872048279788
2022-10-12,0.004363903567344598,0.13420262405014247
2022-10-13,0.003140637611191692,0.13734326166133415
2022-10-14,-0.010979239671338339,0.1263640219899958
2022-10-17,0.0008372880852560486,0.12720131007525184
2022-10-18,-0.005157348568653761,0.12204396150659809
2022-10-19,0.0019253359575204197,0.12396929746411851
2022-10-20,0.004246560334465217,0.12821585779858374
2022-10-21,-0.001836887282493481,0.12637897051609026
2022-10-24,-0.004100778917810222,0.12227819159828004
2022-10-25,-0.002499932199719277,0.11977825939856077
2022-10-26,-0.004785723091206521,0.11499253630735425
2022-10-27,0.009233547800389276,0.12422608410774352
2022-10-28,-0.0037783442216685714,0.12044773988607495
2022-10-31,0.003376699201634736,0.12382443908770968
2022-11-01,0.0015602717895097287,0.12538471087721942
2022-11-02,-0.005615847132515812,0.11976886374470361
2022-11-03,-0.0032538102345649666,0.11651505351013865
2022-11-04,-0.007984010382957497,0.10853104312718115
2022-11-07,0.004538252822511303,0.11306929594969245
2022-11-08,-0.0007585236612760334,0.11231077228841642
2022-11-09,0.0030902721319778733,0.1154010444203943
2022-11-10,0.009504352942292559,0.12490539736268685
2022-11-11,0.0032534976639440063,0.12815889502663086
2022-11-14,0.005341687343902696,0.13350058237053355
2022-11-15,-0.006421282728601223,0.12707929964193232
2022-11-16,0.002543150602464247,0.12962245024439656
2022-11-17,0.0006907408281804285,0.130313191072577
2022-11-18,0.0009067905503388882,0.13121998162291587
2022-11-21,-0.005151067804995268,0.1260689138179206
2022-11-22,0.019021181415605513,0.14509009523352612
2022-11-23,0.009155722259205612,0.15424581749273172
2022-11-24,-0.00421976635598678,0.15002605113674494
2022-11-25,0.01402962812336552,0.16405567926011047
2022-11-28,0.0005780805806906518,0.1646337598408011
2022-11-29,-0.0005270133229841004,0.164106746517817
2022-11-30,-0.00173126277670652,0.1623754837411105
2022-12-01,-0.0016341952697810026,0.16074128847132949
2022-12-02,0.001816034709390077,0.16255732318071955
2022-12-05,0.010523729599043772,0.17308105277976332
2022-12-06,-0.002407003456862961,0.17067404932290037
2022-12-07,-0.003579676529010844,0.16709437279388953
2022-12-08,-0.0027278891640292926,0.16436648362986023
2022-12-09,0.0009699603793530084,0.16533644400921324
2022-12-12,-0.0010039909415133974,0.16433245306769984
2022-12-13,0.0029780073044110024,0.16731046037211084
2022-12-14,0.000830562145164102,0.16814102251727495
2022-12-15,-0.00045625092769812286,0.16768477158957681
2022-12-16,0.0006238465670937313,0.16830861815667056
2022-12-19,-0.0023631166285645734,0.165945501528106
2022-12-20,0.007328946401623758,0.17327444792972976
2022-12-21,-0.0008396548438217723,0.17243479308590798
2022-12-22,0.0026612829677514897,0.17509607605365946
2022-12-23,0.006533522695485523,0.18162959874914497
2022-12-26,-0.00658271703622415,0.17504688171292082
2022-12-27,-0.003822674739792589,0.17122420697312823
2022-12-28,-0.0020501565759225393,0.1691740503972057
2022-12-29,-0.0020388698881653082,0.1671351805090404
2022-12-30,0.004213111600949064,0.17134829210998945
2023-01-03,-0.001932053126150427,0.169416238983839
2023-01-04,0.002600717594983804,0.17201695657882282
2023-01-05,-0.0027573049337664916,0.16925965164505632
2023-01-06,-0.0005877041485750235,0.1686719474964813
2023-01-09,0.0003729042309264719,0.16904485172740777
2023-01-10,-0.005101333535897375,0.1639435181915104
2023-01-11,0.0030122764113434575,0.16695579460285387
2023-01-12,0.00032812144481500385,0.16728391604766887
2023-01-13,0.0017024113423809697,0.16898632739004985
2023-01-16,0.0007168924630631141,0.16970321985311296
2023-01-17,-0.0010071282074863757,0.16869609164562657
2023-01-18,0.0008969095471942016,0.16959300119282078
2023-01-19,-0.002265424179377447,0.16732757701344333
2023-01-20,0.0023562952427267254,0.16968387225617007
2023-01-30,-0.0002165087959301975,0.16946736346023988
2023-01-31,7.0470187808181165e-06,0.1694744104790207
2023-02-01,-0.00046556068679233097,0.16900884979222838
2023-02-02,-0.002047382131915442,0.16696146766031295
2023-02-03,-0.0018852420510882752,0.16507622560922466
2023-02-06,0.008900180325829388,0.17397640593505406
2023-02-07,0.0018528209280447919,0.17582922686309885
2023-02-08,0.0007599961151049525,0.1765892229782038
2023-02-09,-0.0053465917023232,0.1712426312758806
2023-02-10,0.005470286238370098,0.1767129175142507
2023-02-13,-0.0006947507474564186,0.17601816676679427
2023-02-14,-0.0003723875174987482,0.17564577924929553
2023-02-15,-0.003555471757080098,0.17209030749221543
2023-02-16,0.003301399151445932,0.17539170664366135
2023-02-17,0.004417907117642978,0.17980961376130433
2023-02-20,-0.002416206954994177,0.17739340680631016
2023-02-21,0.0028427778087821124,0.18023618461509228
2023-02-22,-0.0012862063525190572,0.17894997826257322
2023-02-23,0.00412549245529226,0.18307547071786548
2023-02-24,-0.0009500054801403437,0.18212546523772513
2023-02-27,0.000551462336423394,0.18267692757414852
2023-02-28,0.001155341167765411,0.18383226874191394
2023-03-01,-0.0007986959599703515,0.1830335727819436
2023-03-02,0.004821978214270295,0.1878555509962139
2023-03-03,0.0049575498398089154,0.19281310083602282
2023-03-06,-0.0008481795832231806,0.19196492125279965
2023-03-07,0.0036299018558509804,0.19559482310865065
2023-03-08,-0.002558509612768832,0.19303631349588182
2023-03-09,-0.0011229813309702782,0.19191333216491155
2023-03-10,-0.0012725415988002187,0.19064079056611133
2023-03-13,-0.005696909928087938,0.1849438806380234
2023-03-14,-0.0008501572748672773,0.1840937233631561
2023-03-15,0.003921766604007061,0.18801548996716316
2023-03-16,0.0044968835780122215,0.1925123735451754
2023-03-17,-0.0011534540044339388,0.19135891954074144
2023-03-20,0.0038712352347100884,0.19523015477545153
2023-03-21,-0.0008294048760181331,0.1944007498994334
2023-03-22,-0.003677763264642633,0.19072298663479076
2023-03-23,-0.0027673008354148036,0.18795568579937597
2023-03-24,-0.0004909501580568071,0.18746473564131916
2023-03-27,-0.0008831717031525135,0.18658156393816663
2023-03-28,0.0020242887445437196,0.18860585268271035
2023-03-29,-0.004032648944909161,0.1845732037378012
2023-03-30,0.0016029980600454944,0.1861762017978467
2023-03-31,-0.004863400970227718,0.18131280082761897
2023-04-03,-0.0032602755135802703,0.1780525253140387
2023-04-04,-0.0028949820246207242,0.175157543289418
2023-04-06,-0.0064787802699887535,0.16867876301942925
2023-04-07,-0.0006069643876272174,0.16807179863180202
2023-04-10,0.00885217766943681,0.17692397630123882
2023-04-11,-0.00036839508325725996,0.17655558121798157
2023-04-12,-0.007024618011896546,0.16953096320608502
2023-04-13,0.00656142537945835,0.17609238858554338
2023-04-14,-0.004717311169954239,0.17137507741558913
2023-04-17,0.004557455481803588,0.17593253289739272
2023-04-18,-0.0014096753761718153,0.1745228575212209
2023-04-19,-0.0010074720428557484,0.17351538547836515
2023-04-20,-0.007058455563902752,0.1664569299144624
2023-04-21,0.010013577687557689,0.1764705076020201
2023-04-24,-0.0008945600955031329,0.17557594750651698
2023-04-25,0.0013125345420208474,0.17688848204853783
2023-04-26,0.0015782373859748377,0.17846671943451267
2023-04-27,0.0062854526220978,0.18475217205661046
2023-04-28,-0.005477700723508285,0.17927447133310218
2023-05-04,0.003371946734779375,0.18264641806788154
2023-05-05,0.002838878492103524,0.18548529655998505
2023-05-08,0.0037911960995230904,0.18927649265950813
2023-05-09,0.002962161758885929,0.19223865441839405
2023-05-10,0.0028876535101494817,0.19512630792854352
2023-05-11,0.0038461374993140496,0.19897244542785758
2023-05-12,0.004426328683752011,0.2033987741116096
2023-05-15,0.000789107955292172,0.20418788206690175
2023-05-16,0.0022812504489866433,0.2064691325158884
2023-05-17,-0.002657567257542358,0.20381156525834604
2023-05-18,-0.004661591822376076,0.19914997343596996
2023-05-19,-0.0007348820960909163,0.19841509133987906
2023-05-22,0.005179466342962071,0.20359455768284113
2023-05-23,0.0038363524129105576,0.20743091009575168
2023-05-24,-0.0001264294360408611,0.20730448065971083
2023-05-25,-0.0035753118708798976,0.20372916878883093
2023-05-26,-0.0068297539476968,0.19689941484113413
2023-05-29,-0.001946296918098339,0.1949531179230358
2023-05-30,-0.006730262408222714,0.18822285551481308
2023-05-31,-0.004689385029608951,0.18353347048520413
2023-06-01,-0.0005724198564813171,0.1829610506287228
2023-06-02,0.005410896329209041,0.18837194695793186
2023-06-05,-0.002125888689589915,0.18624605826834195
2023-06-06,0.006001373212571177,0.19224743148091314
2023-06-07,-0.00160311336791412,0.190644318112999
2023-06-08,0.008148003172722507,0.19879232128572152
2023-06-09,-0.007412877739272194,0.19137944354644934
2023-06-12,0.0001708700148961384,0.19155031356134547
2023-06-13,-0.005237349465359094,0.18631296409598638
2023-06-14,0.0007409298359718974,0.1870538939319583
2023-06-15,0.0014183607955577581,0.18847225472751605
2023-06-16,-0.0036539119867884007,0.18481834274072764
2023-06-19,-0.005065568898235324,0.17975277384249233
2023-06-20,-0.005245756185489029,0.1745070176570033
2023-06-21,0.010575647517096345,0.18508266517409966
2023-06-26,0.0049374015919108,0.19002006676601046
2023-06-27,0.002810297786744096,0.19283036455275457
2023-06-28,0.003292601623214312,0.1961229661759689
2023-06-29,-0.0038081179688529134,0.19231484820711597
2023-06-30,0.002494307608663452,0.19480915581577943
2023-07-03,0.003122837972441586,0.19793199378822102
2023-07-04,-0.0008109168947643469,0.19712107689345668
2023-07-05,0.005917531096777978,0.20303860799023465
2023-07-06,0.0006715707869539674,0.2037101787771886
2023-07-07,0.009893201583224329,0.21360338036041293
2023-07-10,-0.001291855427733165,0.21231152493267977
2023-07-11,-0.0014553228536861034,0.21085620207899367
2023-07-12,0.002684097142490852,0.21354029922148451
2023-07-13,-0.0007634223773994558,0.21277687684408506
2023-07-14,0.0007184541008818959,0.21349533094496695
2023-07-17,-0.0006536004116478992,0.21284173053331906
2023-07-18,0.003615661788915086,0.21645739232223415
2023-07-19,0.005096586967677426,0.22155397928991158
2023-07-20,0.005758015524697149,0.22731199481460873
2023-07-21,0.004589362998084656,0.2319013578126934
2023-07-24,0.000864134138295385,0.23276549195098878
2023-07-25,0.0040382222290508245,0.2368037141800396
2023-07-26,0.0038361436266961054,0.2406398578067357
2023-07-27,0.006138883884333194,0.2467787416910689
2023-07-28,0.00523832935841356,0.25201707104948246
2023-07-31,-0.00021442700513746844,0.251802644044345
2023-08-01,-0.0020018853612841646,0.24980075868306081
2023-08-02,-0.0008309335651624667,0.24896982511789834
2023-08-03,-0.0011369666563246328,0.2478328584615737
2023-08-04,-0.005893030053779289,0.24193982840779443
2023-08-07,-0.001959388952091029,0.2399804394557034
2023-08-08,0.0010327556721038203,0.24101319512780722
2023-08-09,0.0015284232802224333,0.24254161840802965
2023-08-10,0.001601897077308489,0.24414351548533814
2023-08-11,0.002137666927853727,0.24628118241319186
2023-08-14,-0.0014824759473050517,0.2447987064658868
2023-08-15,-0.0010868764816884665,0.24371182998419835
2023-08-16,0.0007969587735430404,0.2445087887577414
2023-08-17,0.0016948624160587804,0.2462036511738002
2023-08-18,0.005422340514844387,0.2516259916886446
2023-08-21,0.002225081240256214,0.2538510729289008
2023-08-22,-0.0072277940619535925,0.2466232788669472
2023-08-23,0.0015023884522792075,0.24812566731922642
2023-08-24,-0.007543617665136069,0.24058204965409036
2023-08-25,0.004232076789169962,0.2448141264432603
2023-08-28,-0.0027614362084535304,0.24205269023480677
2023-08-29,-0.0018884584950290865,0.2401642317397777
2023-08-30,-0.0019583096191804336,0.23820592212059727
2023-08-31,-0.0011675667770622842,0.23703835534353498
2023-09-01,0.005020456403062762,0.24205881174659774
2023-09-04,0.00461844791927043,0.24667725966586818
2023-09-05,0.0036269812893078173,0.250304240955176
2023-09-06,0.0009292005085857862,0.2512334414637618
2023-09-07,0.0018243752747019069,0.2530578167384637
2023-09-08,-0.0018818805636265485,0.2511759361748372
2023-09-11,0.003909852780890421,0.2550857889557276
2023-09-12,0.003445049097726664,0.2585308380534542
2023-09-13,0.0008489164096503695,0.2593797544631046
2023-09-14,-6.644338582254502e-05,0.259313311077282
2023-09-15,0.0013547051549911966,0.2606680162322732
2023-09-18,0.002641834869153906,0.26330985110142713
2023-09-19,-0.0011618305028709875,0.26214802059855613
2023-09-20,-0.0010168751283745016,0.2611311454701816
2023-09-21,0.0002900689833615687,0.2614212144535432
2023-09-22,-0.003728825004372519,0.2576923894491707
2023-09-25,-0.0011507248898283752,0.25654166455934235
2023-09-26,-0.004364530724891298,0.25217713383445106
2023-09-27,0.0007782325412120503,0.2529553663756631
2023-09-28,-0.0006798363992221488,0.252275529976441
2023-10-09,0.0015163448963725356,0.2537918748728135
2023-10-10,-0.002456367207102338,0.25133550766571117
2023-10-11,-0.0038710714982763184,0.24746443616743485
2023-10-12,0.00203789478467079,0.24950233095210564
2023-10-13,-0.0016298904138447431,0.2478724405382609
2023-10-16,0.003940443761341747,0.25181288429960264
2023-10-17,-0.000302771538954138,0.2515101127606485
2023-10-18,-0.0048807852140001235,0.24662932754664837
2023-10-19,-0.001110829062765383,0.245518498483883
2023-10-20,0.0034457785553670055,0.24896427703925
2023-10-23,-0.0008202693736024084,0.2481440076656476
2023-10-24,-0.0005041388939220229,0.24763986877172556
2023-10-25,0.00980693419589666,0.25744680296762223
2023-10-26,0.001818117354070806,0.259264920321693
2023-10-27,-0.002502502401100698,0.2567624179205923
2023-10-30,-0.009319190454657945,0.24744322746593433
2023-10-31,-0.0006392301798479295,0.2468039972860864
2023-11-01,0.004604456785832758,0.25140845407191914
2023-11-02,0.002161526415038497,0.2535699804869576
2023-11-03,-0.0034938392240000137,0.2500761412629576
2023-11-06,-0.004615139007943404,0.24546100225501416
2023-11-07,-0.003940288254746022,0.24152071400026814
2023-11-08,-0.003999071505764575,0.23752164249450358
2023-11-09,-0.0005794787966781744,0.23694216369782542
2023-11-10,-0.0014516633860193957,0.23549050031180602
2023-11-13,0.003407013293141548,0.23889751360494757
2023-11-14,-0.0014276153864527582,0.23746989821849482
2023-11-15,0.0015612145857939106,0.23903111280428874
2023-11-16,0.0005320714073670167,0.23956318421165576
2023-11-17,-0.0005830545043138545,0.2389801297073419
2023-11-20,-0.0003684255415746934,0.2386117041657672
2023-11-21,0.0018441926344001617,0.24045589680016738
2023-11-22,0.002775156885237279,0.24323105368540465
2023-11-23,-0.0014005848271131608,0.2418304688582915
2023-11-24,0.0005800556064872574,0.24241052446477873
2023-11-27,-0.0037240417937348825,0.23868648267104384
2023-11-28,-0.001023702852803931,0.2376627798182399
2023-11-29,-0.0012849683177911006,0.23637781150044881
2023-11-30,-0.00289574912547263,0.23348206237497618
2023-12-01,-0.0030799886305852646,0.23040207374439092
2023-12-04,-0.0016773639987178212,0.2287247097456731
2023-12-05,0.002721716953877526,0.23144642669955062
2023-12-06,-0.0011847740461083764,0.23026165265344226
2023-12-07,-0.0038261197593200593,0.2264355328941222
2023-12-08,-0.005253375678708459,0.22118215721541373
2023-12-11,-0.004197314263153855,0.21698484295225987
2023-12-12,0.0019189429687873104,0.21890378592104717
2023-12-13,0.0002559401885785695,0.21915972610962575
2023-12-14,0.0024877251442300555,0.22164745125385582
2023-12-15,0.0013396349338721239,0.22298708618772795
2023-12-18,-0.0036881895765278777,0.21929889661120006
2023-12-19,-0.00529629060612688,0.21400260600507318
2023-12-20,-0.0007684052194603992,0.21323420078561278
2023-12-21,-0.0004381617433938823,0.2127960390422189
2023-12-22,0.0024486066321090304,0.2152446456743279
2023-12-25,-0.005333476285438281,0.20991116938888962
2023-12-26,0.0001959346240077687,0.2101071040128974
2023-12-27,-0.002816730198147873,0.20729037381474952
2023-12-28,0.0025538295406301197,0.20984420335537965
2023-12-29,-0.004337746172956191,0.20550645718242347
2024-01-02,0.0015098749774804068,0.20701633215990387
2024-01-03,0.0005741650241029051,0.20759049718400677
2024-01-04,0.0005277625035145214,0.2081182596875213
2024-01-05,0.003645249194473847,0.21176350888199513
2024-01-08,-0.003472556360761144,0.208290952521234
2024-01-09,-0.0004758373838666045,0.2078151151373674
2024-01-10,-0.002672715386261083,0.20514239975110632
2024-01-11,-0.000775363160150313,0.204367036590956
2024-01-12,-0.002893726866139428,0.20147330972481658
2024-01-15,-0.000304781129635673,0.20116852859518092
2024-01-16,-5.3250730897823106e-05,0.2011152778642831
2024-01-17,0.0037177906866115366,0.20483306855089464
2024-01-18,-0.007703198698728581,0.19712986985216607
2024-01-19,0.004894305920275985,0.20202417577244206
2024-01-22,-0.004022252951402282,0.19800192282103976
2024-01-23,-0.0025111978960380105,0.19549072492500175
2024-01-24,0.00941596602326082,0.20490669094826255
2024-01-25,0.006444748202525258,0.2113514391507878
2024-01-26,0.002013721915072213,0.21336516106586
2024-01-29,0.004855531665322325,0.21822069273118233
2024-01-30,9.357266306618984e-05,0.21831426539424853
2024-01-31,-0.007390118891660105,0.21092414650258842
2024-02-01,-0.005972421264397493,0.20495172523819094
2024-02-02,-0.010105600849003743,0.1948461243891872
2024-02-05,-0.007112187886167032,0.18773393650302017
2024-02-06,0.013331837066925114,0.2010657735699453
2024-02-07,0.011434527742223052,0.21250030131216835
2024-02-08,0.009179736491952917,0.22168003780412127
2024-02-19,-0.009343081413540085,0.21233695639058117
2024-02-20,-0.0013710327312563327,0.21096592365932484
2024-02-21,0.0015231072215545168,0.21248903088087936
2024-02-22,-0.0009316264406192569,0.2115574044402601
2024-02-23,0.0011853519250823986,0.2127427563653425
2024-02-26,-0.0017777706406979002,0.21096498572464462
2024-02-27,-0.008566820801695569,0.20239816492294904
2024-02-28,0.007910882335356605,0.21030904725830565
2024-02-29,-0.00678180591672068,0.20352724134158498
2024-03-01,-0.0028996955588254363,0.20062754578275954
2024-03-04,-0.008398037976685044,0.1922295078060745
2024-03-05,0.0007278015564227178,0.19295730936249722
2024-03-06,0.0007311746448195118,0.19368848400731672
2024-03-07,0.007173084067838772,0.20086156807515548
2024-03-08,-0.006424623036599283,0.1944369450385562
2024-03-11,0.003219986935628121,0.19765693197418432
2024-03-12,0.012459960478924878,0.21011689245310922
2024-03-13,-0.005058334602972151,0.20505855785013707
2024-03-14,-0.0008362472841035072,0.20422231056603357
2024-03-15,0.0004664965343965456,0.2046888071004301
2024-03-18,-0.0038251513579825843,0.20086365574244752
2024-03-19,-0.0017177710720438543,0.19914588467040367
2024-03-20,0.0016707156127914095,0.2008166002831951
2024-03-21,0.0002020985415918527,0.20101869882478696
2024-03-22,-0.006278281544870676,0.19474041727991628
2024-03-25,0.0006770542078401746,0.19541747148775646
2024-03-26,0.0018402856204407336,0.19725775710819718
2024-03-27,0.0045898172305361825,0.20184757433873335
2024-03-28,-0.004741825153758094,0.19710574918497525
2024-03-29,-0.002278509062765814,0.19482724012220945
2024-04-01,0.0027274973483731586,0.1975547374705826
2024-04-02,0.005993168432858907,0.20354790590344152
2024-04-03,-0.00018115447294257152,0.20336675143049895
2024-04-08,-0.004479484069166684,0.19888726736133228
2024-04-09,0.0013150201176929742,0.20020228747902524
2024-04-10,-0.0011502010654960693,0.19905208641352917
2024-04-11,-0.005936029888405013,0.19311605652512415
2024-04-12,-0.008729020257271139,0.18438703626785302
2024-04-15,-0.004037478877278016,0.180349557390575
2024-04-16,0.001157722214952188,0.1815072796055272
2024-04-17,0.0006396006168311812,0.1821468802223584
2024-04-18,0.001411302475519529,0.1835581826978779
2024-04-19,-0.0005267590328019832,0.18303142366507594
2024-04-22,0.009852803419037999,0.19288422708411393
2024-04-23,0.005715504755933624,0.19859973184004756
2024-04-24,-0.0050396946413080405,0.19356003719873952
2024-04-25,-0.0018204495987702224,0.19173958759996929
2024-04-26,0.005174279021037442,0.19691386662100674
2024-04-29,-0.0002817289800979511,0.19663213764090878
2024-04-30,-0.006416186938351494,0.19021595070255728
2024-05-06,-0.004353660324279635,0.18586229037827764
2024-05-07,-0.0027928150906338396,0.1830694752876438
2024-05-08,-0.0018322162110219755,0.18123725907662183
2024-05-09,-0.003843655716111191,0.17739360336051063
2024-05-10,-0.00016905952687073437,0.1772245438336399
2024-05-13,-0.0016866900497655036,0.17553785378387438
2024-05-14,0.002836569032688405,0.1783744228165628
2024-05-15,-0.0017601833871109592,0.17661423942945184
2024-05-16,0.001105368594387695,0.17771960802383954
2024-05-17,0.000572829576489853,0.1782924376003294
2024-05-20,-0.004153223864322153,0.17413921373600724
2024-05-21,-0.0016291383114660845,0.17251007542454116
2024-05-22,0.0015472421008552307,0.17405731752539638
2024-05-23,-0.00041068147198919304,0.1736466360534072
2024-05-24,0.004840907598776904,0.17848754365218408
2024-05-27,-0.0035729243856745473,0.17491461926650953
2024-05-28,-0.0019189276529594976,0.17299569161355002
2024-05-29,-0.0018991728927903607,0.17109651872075965
2024-05-30,0.0042892315208176,0.17538575024157724
2024-05-31,0.0017102610252180306,0.17709601126679528
2024-06-03,-0.005477447728539135,0.17161856353825614
2024-06-04,-0.003350068944912514,0.16826849459334361
2024-06-05,-0.00013079624488493942,0.16813769834845868
2024-06-06,-0.006052854245368673,0.16208484410309001
2024-06-07,0.010009927268080693,0.1720947713711707
2024-06-11,-0.005862417329456188,0.16623235404171452
2024-06-12,-0.0033689905031584516,0.16286336353855607
2024-06-13,-0.0030217263449008433,0.15984163719365524
2024-06-14,0.0011814778522373924,0.16102311504589265
2024-06-17,-0.005389465995085537,0.15563364905080712
2024-06-18,0.0007199616142021693,0.1563536106650093
2024-06-19,0.0018804460144184265,0.15823405667942772
2024-06-20,-0.003663414523904107,0.1545706421555236
2024-06-21,-0.00046903072048327054,0.15410161143504034
2024-06-24,-0.001207483577691845,0.1528941278573485
2024-06-25,0.007191292179771267,0.16008542003711976
2024-06-26,0.007106777883310968,0.16719219792043072
2024-06-27,-0.00038710055942886025,0.16680509736100185
2024-06-28,-0.009251943997065032,0.15755315336393683
2024-07-01,-0.0029280748238783177,0.1546250785400585
2024-07-02,0.007618395206241061,0.16224347374629955
2024-07-03,0.009575360784701418,0.17181883453100097
2024-07-04,-0.009208365869178864,0.1626104686618221
2024-07-05,0.003741754958863372,0.16635222362068547
2024-07-08,-0.0085278510474256,0.15782437257325987
2024-07-09,-0.008218278363314705,0.14960609420994517
2024-07-10,0.005001930154211347,0.15460802436415652
2024-07-11,0.00542384603722298,0.1600318704013795
2024-07-12,0.0028317211925500863,0.1628635915939296
2024-07-15,-0.0020340550822050777,0.16082953651172452
2024-07-16,-0.004400967452717766,0.15642856905900676
2024-07-17,0.012140480593222383,0.16856904965222913
2024-07-18,-0.0017778220064105935,0.16679122764581852
2024-07-19,0.005097246667094132,0.17188847431291265
2024-07-22,0.0003387209910155467,0.1722271953039282
2024-07-23,0.009864377709823917,0.18209157301375212
2024-07-24,-0.0009926109519515067,0.18109896206180062
2024-07-25,0.009326461111327832,0.19042542317312847
2024-07-26,0.0020440527458825517,0.192469475919011
2024-07-29,-0.0011043748520383546,0.19136510106697266
2024-07-30,0.0027879601288828488,0.19415306119585551
2024-07-31,0.0063586603596857486,0.20051172155554126
2024-08-01,-0.002103008517045554,0.1984087130384957
2024-08-02,0.004828984679971827,0.20323769771846753
2024-08-05,0.005715200586141919,0.20895289830460945
2024-08-06,-0.0014959529324865555,0.2074569453721229
2024-08-07,-0.0011141437716729486,0.20634280160044993
2024-08-08,0.0030902485476902368,0.20943305014814018
2024-08-09,0.0007825969103120393,0.21021564705845222
2024-08-12,-0.003496721768893314,0.2067189252895589
2024-08-13,0.0017095182251095713,0.20842844351466847
2024-08-14,0.0006616723807462197,0.20909011589541468
2024-08-15,0.002315351249641142,0.21140546714505581
2024-08-16,-0.0030577776426765776,0.20834768950237922
2024-08-19,0.00171959718107928,0.2100672866834585
2024-08-20,0.00010410026653041805,0.2101713869499889
2024-08-21,-0.001907712093657511,0.2082636748563314
2024-08-22,0.0002779141284709304,0.20854158898480232
2024-08-23,-0.0015903291224462492,0.20695125986235607
2024-08-26,0.0061023067413791855,0.21305356660373526
2024-08-27,-0.0038548792714453205,0.20919868733228994
2024-08-28,-0.00020946524152212016,0.2089892220907678
2024-08-29,0.001502642085551062,0.21049186417631888
2024-08-30,-0.0038177800953462845,0.2066740840809726
2024-09-02,-0.0007624689822887051,0.2059116150986839
2024-09-03,-0.0027130719705296047,0.20319854312815427
2024-09-04,0.0003229798882054927,0.20352152301635976
2024-09-05,0.0015938373521681894,0.20511536036852795
2024-09-06,-0.0016853509269869438,0.20343000944154102
2024-09-09,0.0002733875828040523,0.20370339702434506
2024-09-10,-0.0014586800339889017,0.20224471699035615
2024-09-11,-0.0032042223869765654,0.19904049460337958
2024-09-12,0.0013096356620490859,0.20035013026542867
2024-09-13,-0.00020703617672362056,0.20014309408870504
2024-09-18,-0.00406928507451732,0.19607380901418772
2024-09-19,0.006965020729667288,0.203038829743855
2024-09-20,-0.005804403945787149,0.19723442579806785
2024-09-23,0.0036255142335141926,0.20085994003158206
2024-09-24,0.001200742385893369,0.20206068241747543
2024-09-25,0.002610959055582321,0.20467164147305775
2024-09-26,0.0018085804412813478,0.2064802219143391
2024-09-27,-0.00264837788143502,0.20383184403290408
2024-09-30,0.008807071587912916,0.212638915620817
2024-10-08,0.007604749362911871,0.22024366498372885
2024-10-09,-0.01177494209378296,0.2084687228899459
2024-10-10,0.009163262640100181,0.21763198553004606
2024-10-11,-0.001882333717356543,0.2157496518126895
2024-10-14,-0.0057804328949818415,0.20996921891770767
2024-10-15,0.003957354154609084,0.21392657307231674
2024-10-16,0.0036066118422841444,0.21753318491460089
2024-10-17,-0.005384277376393974,0.21214890753820692
2024-10-18,-0.010017698044454033,0.20213120949375288
2024-10-21,-0.0023015859825815045,0.19982962351117137
2024-10-22,0.010682857770425462,0.21051248128159683
2024-10-23,0.007712735454191843,0.21822521673578868
2024-10-24,-0.0006505790043317033,0.21757463773145697
2024-10-25,0.0007122425442729742,0.21828688027572993
2024-10-28,-0.0007031171982572197,0.2175837630774727
2024-10-29,-0.005238705630607372,0.21234505744686533
2024-10-30,-0.0039052569421789136,0.2084398005046864
2024-10-31,-0.004689060730951198,0.2037507397737352
2024-11-01,0.015687283315197902,0.2194380230889331
2024-11-04,0.0005810480757060927,0.22001907116463917
2024-11-05,-0.013659971105752174,0.206359100058887
2024-11-06,-0.0029570476732947823,0.20340205238559222
2024-11-07,0.006178112316600125,0.20958016470219235
2024-11-08,-0.0013988062158054489,0.20818135848638689
2024-11-11,-0.00845633729505459,0.19972502119133229
2024-11-12,0.008021314678765299,0.20774633587009758
2024-11-13,0.0005167487814446321,0.20826308465154222
2024-11-14,0.008127707694663895,0.21639079234620612
2024-11-15,0.01624650458442689,0.232637296930633
2024-11-18,0.015687995496116013,0.24832529242674903
2024-11-19,-0.008022119690205876,0.24030317273654314
2024-11-20,-0.0050636521050043005,0.23523952063153883
2024-11-21,-0.0027733172979233158,0.2324662033336155
2024-11-22,0.00059935716489818,0.23306556049851368
2024-11-25,0.005172569142515121,0.2382381296410288
2024-11-26,0.0013793556897521574,0.23961748533078098
2024-11-27,-0.0010193503610737436,0.23859813496970722
2024-11-28,0.0002098061417702604,0.2388079411114775
2024-11-29,0.0014683404961717615,0.24027628160764924
2024-12-02,-0.006120123800555893,0.23415615780709334
2024-12-03,-0.0009283632046715467,0.2332277946024218
2024-12-04,-0.0013070703936724818,0.23192072420874932
2024-12-05,-0.0009322799974574301,0.2309884442112919
2024-12-06,0.004075754554080071,0.23506419876537196
2024-12-09,-0.001086706253528915,0.23397749251184305
2024-12-10,0.0015544233382954477,0.2355319158501385
2024-12-11,-0.003259755153653282,0.2322721606964852
2024-12-12,0.002617983165124953,0.23489014386161017
2024-12-13,-0.001540006043824239,0.23335013781778594
2024-12-16,0.00749614755328119,0.24084628537106711
2024-12-17,0.003231953688693701,0.2440782390597608
2024-12-18,-0.0016454300216090971,0.2424328090381517
2024-12-19,-0.005881649386665906,0.2365511596514858
2024-12-20,-0.00493319853376807,0.23161796111771774
2024-12-23,0.004347158885480608,0.23596512000319833
2024-12-24,0.0015469253317299985,0.23751204533492834
2024-12-25,0.0012789885697688061,0.23879103390469714
2024-12-26,-0.007140060832707847,0.23165097307198929
2024-12-27,0.00618333576257991,0.23783430883456919
2024-12-30,-0.003035408235349216,0.23479890059921996
2024-12-31,0.0013816868792919223,0.23618058747851187
2025-01-02,0.0011329022120303484,0.23731348969054222
2025-01-03,0.006743674931393098,0.24405716462193533
2025-01-06,0.007838067005757949,0.2518952316276933
2025-01-07,-0.013230117811683349,0.23866511381600994
2025-01-08,-0.006326135872005395,0.23233897794400454
2025-01-09,-0.0030497097963117395,0.2292892681476928
2025-01-10,-0.0006979369677740494,0.22859133117991876
2025-01-13,0.005963775710258846,0.2345551068901776
2025-01-14,-0.005322823116782139,0.22923228377339547
2025-01-15,0.003249771550267336,0.2324820553236628
2025-01-16,-0.0017052947933934451,0.23077676053026935
2025-01-17,-0.0028875422784679816,0.22788921825180136
2025-01-20,-0.0015451001127551253,0.22634411813904623
2025-01-21,-0.006898862046791568,0.21944525609225465
2025-01-22,-0.0010712058067557804,0.21837405028549886
2025-01-23,0.006257205279503188,0.22463125556500205
2025-01-24,-0.0039774461397912835,0.22065380942521076
2025-01-27,0.005798950021739676,0.22645275944695042
2025-02-05,-0.0050593893651200515,0.22139337008183038
2025-02-06,-0.009464541076077327,0.21192882900575305
2025-02-07,-0.0004717177546047225,0.21145711125114833
2025-02-10,-0.005007209856306636,0.20644990139484168
2025-02-11,0.0019250518880950438,0.20837495328293673
2025-02-12,-0.005323901703203018,0.20305105157973372
2025-02-13,0.0030780018605718776,0.2061290534403056
2025-02-14,-0.0057960163069030604,0.20033303713340253
2025-02-17,0.0037734838652435983,0.20410652099864612
2025-02-18,0.008072714900638395,0.21217923589928453
2025-02-19,-0.009690122617075888,0.20248911328220864
2025-02-20,-0.004951714385071018,0.19753739889713762
2025-02-21,-0.00718716503011829,0.19035023386701933
2025-02-24,0.005269950667287651,0.19562018453430696
2025-02-25,0.0004539605553330134,0.19607414508963997
2025-02-26,0.0032993844764169227,0.1993735295660569
2025-02-27,0.004480242043945334,0.20385377161000223
2025-02-28,0.012918923705654341,0.21677269531565657
2025-03-03,0.0023961468645457046,0.21916884218020227
2025-03-04,-0.0031960810505432496,0.21597276112965902
2025-03-05,-0.004370037058979545,0.21160272407067948
2025-03-06,-0.004298773027991941,0.20730395104268753
2025-03-07,0.0066497013430037895,0.21395365238569133
2025-03-10,0.004277019281155532,0.21823067166684687
2025-03-11,0.002165019756232614,0.2203956914230795
2025-03-12,0.0048314083541125845,0.22522709977719207
2025-03-13,0.006529071144376596,0.23175617092156867
2025-03-14,0.0001239565419343189,0.23188012746350298
2025-03-17,0.0007659558871101862,0.23264608335061315
2025-03-18,-0.0028148725045804845,0.22983121084603267
2025-03-19,0.006270407031093388,0.23610161787712605
2025-03-20,0.0020451114835695512,0.2381467293606956
2025-03-21,0.010097241184253867,0.24824397054494948
2025-03-24,0.0015004498376153966,0.2497444203825649
2025-03-25,0.01134507464388114,0.261089495026446
2025-03-26,-0.0007662593430680961,0.2603232356833779
2025-03-27,0.0014713069047716666,0.26179454258814955
2025-03-28,-0.0010763203062267176,0.2607182222819228
2025-03-31,-0.0006815823776115358,0.2600366399043113
2025-04-01,0.005589184089191762,0.2656258239935031
2025-04-02,-0.0005862417876202172,0.26503958220588286
2025-04-03,0.005607465939328278,0.2706470481452111
2025-04-07,0.007791694871853889,0.278438743017065
2025-04-08,0.012716803292259158,0.29115554630932416
2025-04-09,-0.0006164360097190549,0.2905391102996051
2025-04-10,-0.011075135118054571,0.27946397518155053
2025-04-11,-0.0042823660327361325,0.2751816091488144
2025-04-14,-0.0013252939509429324,0.27385631519787146
2025-04-15,0.0010565597147560142,0.27491287491262745
2025-04-16,0.0019467607902688329,0.2768596357028963
2025-04-17,6.0194697861881957e-05,0.2769198304007582
2025-04-18,0.00529775480435302,0.2822175852051112
2025-04-21,-0.008062328206941664,0.27415525699816956
2025-04-22,0.006920255020686567,0.2810755120188561
2025-04-23,-0.0007731713812245751,0.28030234063763154
2025-04-24,-0.00013029199414242264,0.2801720486434891
2025-04-25,0.0031838725732694063,0.2833559212167585
2025-04-28,-0.004409315545601926,0.2789466056711566
2025-04-29,0.0014607894203921023,0.2804073950915487
2025-04-30,-0.0049654703273405865,0.27544192476420815
2025-05-06,-8.509928545390725e-05,0.27535682547875423
2025-05-07,0.0026204591004490136,0.27797728457920323
2025-05-08,-0.0011743896602933643,0.27680289491890986
2025-05-09,0.003390709067203695,0.28019360398611354
2025-05-12,-0.003117649133648847,0.27707595485246467
2025-05-13,0.004300473609243788,0.28137642846170846
2025-05-14,0.008615686468983514,0.289992114930692
2025-05-15,0.007415426419063182,0.29740754134975517
2025-05-16,-0.003712306007147076,0.2936952353426081
2025-05-19,0.0015935825088535718,0.29528881785146166
2025-05-20,-0.0015826485902410423,0.2937061692612206
2025-05-21,0.0006593748432745764,0.29436554410449517
2025-05-22,0.001649057536396309,0.2960146016408915
2025-05-23,0.0027738666632177262,0.2987884683041092
2025-05-26,-0.0014767681718438415,0.2973117001322654
2025-05-27,0.0024944791419442055,0.2998061792742096
2025-05-28,0.0028576657968303583,0.30266384507103994
2025-05-29,-0.0038968530861252628,0.2987669919849147
2025-05-30,0.002749112752413559,0.30151610473732826
2025-06-03,-0.0024313491769447702,0.2990847555603835
2025-06-04,0.0010598609208088,0.3001446164811923
2025-06-05,-0.002678975058364477,0.29746564142282783
2025-06-06,0.0051203378935634584,0.3025859793163913
2025-06-09,-0.003490499840341005,0.2990954794760503
2025-06-10,0.0017430135650346006,0.3008384930410849
2025-06-11,-0.002928893693698646,0.29790959934738626
2025-06-12,-0.005142361303469726,0.2927672380439165
2025-06-13,0.007089343844206971,0.2998565818881235
2025-06-16,-0.0022156287715647703,0.2976409531165587
2025-06-17,0.003572209864501262,0.30121316298105993
2025-06-18,-0.0015963689625032192,0.29961679401855673
2025-06-19,0.0010153663678925731,0.3006321603864493
2025-06-20,0.001903338286825098,0.3025354986732744
2025-06-23,0.001024306491586555,0.303559805164861
2025-06-24,0.0032735798724780065,0.306833385037339
2025-06-25,0.0019304123377668157,0.3087637973751058
2025-06-26,-0.001363056125957608,0.3074007412491482
2025-06-27,-0.0007594870910043815,0.3066412541581438
2025-06-30,-0.0017664781127603437,0.3048747760453835
2025-07-01,0.0012893937524760184,0.3061641697978595
2025-07-02,0.013852582252097569,0.32001675204995705
2025-07-03,-0.0024778182974237012,0.31753893375253334
2025-07-04,0.0021722434704006185,0.31971117722293396
2025-07-07,0.003619650698973725,0.3233308279219077
2025-07-08,-0.0040141890172686375,0.31931663890463907
2025-07-09,0.004524851830364851,0.3238414907350039
2025-07-10,0.004214731552301273,0.3280562222873052
2025-07-11,-0.0026171817992096834,0.3254390404880955
2025-07-14,0.0029801438819880587,0.3284191843700836
2025-07-15,-0.004500176331195888,0.32391900803888773
2025-07-16,0.0030562733897563634,0.32697528142864407
2025-07-17,-0.0071381108144742975,0.3198371706141698
2025-07-18,0.003277993453300348,0.3231151640674701
2025-07-21,0.010627626149781848,0.33374279021725195
2025-07-22,0.013371701575675394,0.34711449179292736
2025-07-23,0.012547609718416192,0.35966210151134353
2025-07-24,-0.002756301983506239,0.3569057995278373
2025-07-25,-0.003919773060428987,0.3529860264674083
2025-07-28,-0.00794159486468765,0.34504443160272064
2025-07-29,-0.005039620197525444,0.3400048114051952
2025-07-30,0.008221386901678049,0.34822619830687324
2025-07-31,-0.003987812987502979,0.34423838531937023
2025-08-01,0.006671976805333912,0.35091036212470417
2025-08-04,-0.006269405616366114,0.34464095650833804
2025-08-05,-0.000721871792213025,0.34391908471612503
2025-08-06,-0.00390766823273738,0.3400114164833877
2025-08-07,0.004035886941885258,0.34404730342527295
2025-08-08,0.002864942015951805,0.3469122454412248
2025-08-11,-0.004668576229791954,0.34224366921143284
2025-08-12,-0.0028026568750981243,0.3394410123363347
2025-08-13,-0.009144322803781711,0.33029668953255303
2025-08-14,0.0027984454451404303,0.33309513497769344
2025-08-15,-0.009441832477012484,0.323653302500681
2025-08-18,-0.0071128080905985165,0.3165404944100825
2025-08-19,9.479212826268764e-05,0.31663528653834516
2025-08-20,0.0005558069117515671,0.3171910934500967
2025-08-21,0.008369819750263215,0.32556091320035996
2025-08-22,-0.010464789601925243,0.3150961235984347
2025-08-25,-0.007528368732694398,0.3075677548657403
2025-08-26,0.004627844026137352,0.31219559889187765
2025-08-27,-0.006604085834767992,0.30559151305710963
2025-08-28,-0.011043661739533321,0.2945478513175763
2025-08-29,-0.002059859475689075,0.29248799184188723
2025-09-01,-0.008878143503596536,0.28360984833829067
2025-09-02,0.011174500514781461,0.29478434885307214
2025-09-03,-0.005967043601956682,0.2888173052511155
2025-09-04,0.021938647027245413,0.3107559522783609
2025-09-05,-0.019317279534721246,0.29143867274363966
2025-09-08,0.0015525125748930527,0.2929911853185327
2025-09-09,0.005741784521281518,0.29873296983981423
2025-09-10,-0.005598516737924374,0.29313445310188985
2025-09-11,-0.013514946966970328,0.27961950613491954
2025-09-12,-0.003806471408127255,0.2758130347267923
2025-09-15,-0.002680304524337146,0.27313273020245515
2025-09-16,-0.0069595727183771805,0.266173157484078
2025-09-17,-0.0035811637567167987,0.2625919937273612
2025-09-18,-0.0018880298504021635,0.26070396387695904
2025-09-19,0.004960871587964923,0.265664835464924
2025-09-22,-0.014103633577059977,0.251561201887864
2025-09-23,-0.004292595740279499,0.24726860614758453
2025-09-24,-0.0058940293367298465,0.2413745768108547
2025-09-25,-0.002730006595139377,0.2386445702157153
2025-09-26,0.014000906886133884,0.2526454771018492
2025-09-29,-0.0010583430477373221,0.25158713405411187
2025-09-30,-0.007967615127644394,0.24361951892646747
2025-10-09,-0.0037981043978366057,0.23982141452863087
2025-10-10,0.016201249972709178,0.25602266450134004
2025-10-13,-0.0045933430006191885,0.25142932150072084
2025-10-14,0.018663186737982083,0.2700925082387029
2025-10-15,-0.005175804259066521,0.2649167039796364
2025-10-16,0.003879972987321854,0.26879667696695825
2025-10-17,0.0105620004595576,0.2793586774265158
2025-10-20,-0.005135807254554471,0.27422287017196134
2025-10-21,-0.003871259485226148,0.2703516106867352
2025-10-22,0.005442298970600093,0.2757939096573353
2025-10-23,0.004375449868697591,0.2801693595260329
2025-10-24,-0.011525082202087618,0.26864427732394525
2025-10-27,-0.008713630478027678,0.25993064684591755
2025-10-28,0.0013836794179160731,0.2613143262638336
2025-10-29,-0.007280738358459385,0.2540335879053742
2025-10-30,0.003365047163251036,0.25739863506862526
2025-10-31,0.010954925310685542,0.2683535603793108
2025-11-03,0.0023308935821082766,0.27068445396141905
2025-11-04,0.006438913786046254,0.2771233677474653
2025-11-05,-2.6204993579268822e-05,0.2770971627538861
2025-11-06,-0.00718017871433099,0.2699169840395551
2025-11-07,0.008485092241680824,0.2784020762812359
2025-11-10,0.009550436130365129,0.287952512411601
2025-11-11,0.007483600630515803,0.2954361130421168
2025-11-12,0.0039057278175301524,0.299341840859647
2025-11-13,-0.009447449692720407,0.28989439116692656
2025-11-14,0.014431075757668263,0.30432546692459483
2025-11-17,-0.0036947149873379267,0.3006307519372569
2025-11-18,0.004443492226239035,0.30507424416349593
2025-11-19,0.0020217107045942028,0.30709595486809016
2025-11-20,0.007058957952020386,0.31415491282011054
2025-11-21,0.011274535518193176,0.32542944833830373
2025-11-24,-0.005945065128855573,0.31948438320944816
2025-11-25,-0.009527004707254375,0.3099573785021938
2025-11-26,-0.005784362144812034,0.30417301635738175
2025-11-27,0.0008435981669871559,0.3050166145243689
2025-11-28,-0.007525530928174113,0.2974910835961948
2025-12-01,-0.00156460853993757,0.29592647505625724
2025-12-02,0.002179902048305937,0.29810637710456317
2025-12-03,0.0014679121614099338,0.2995742892659731
2025-12-04,-0.0014919895408277639,0.2980822997251454
2025-12-05,-0.0024834873667610147,0.29559881235838437
2025-12-08,-0.012328020501183316,0.28327079185720105
2025-12-09,-0.0016885451251225842,0.2815822467320785
2025-12-10,-0.0007867742556491345,0.28079547247642933
2025-12-11,-0.00017861632173410457,0.2806168561546952
2025-12-12,-0.00722770748054812,0.2733891486741471
2025-12-15,0.006640829555953726,0.28002997823010084
2025-12-16,0.00738686932655883,0.2874168475566597
2025-12-17,-0.013576894598420467,0.2738399529582392
2025-12-18,0.006017148472110085,0.2798571014303493
2025-12-19,-0.0015013999187438764,0.27835570151160544
2025-12-22,-0.008913970520419028,0.2694417309911864
2025-12-23,-0.003726965436912596,0.2657147655542738
2025-12-24,-0.007760684499622312,0.2579540810546515
2025-12-25,-0.0037155912941440905,0.2542384897605074
2025-12-26,-0.006505888875739913,0.24773260088476748
